{
  "company": "Smartbet",
  "agent": "SMARTBETSALETHEME",
  "template": 10,
  "page": "landing",
  "operate_key": "secret123",
  "main": {
    "img_logo": "https://image.smart-ai-api.com/public/image-storage-betkub/images/20210811100859a9261ec6ff414acaaaa677c9ad7c83a7.png",
    "img_section1": "https://image.smart-ai-api.com/public/image-storage/demo-template-sale/Section_Banner_1.png",
    "img_section2": "https://image.smart-ai-api.com/public/image-storage/demo-template-sale/featuremain/MockUp.png",
    "img_section3_DT": "https://image.smart-ai-api.com/public/image-storage/demo-template-sale/featuremain/bgsectiongame2.png",
    "img_section3_MB": "https://image.smart-ai-api.com/public/thongtest/mbbgsectiongame.png"
  },
  "landing_page": {
    "theme1": [{
        "name": "palette1",
        "title": "Theme1 > Palatte1",
        "main_image": "https://image.smart-ai-api.com/public/image-storage-betkub/images/20210813044028cc843605ec28448d9b5b11f4624c67e0.png",
        "color": "https://image.smart-ai-api.com/public/image-storage/demo-template-sale/iconoalate/t1p1.png",
        "image": [{
            "main_DT": "https://image.smart-ai-api.com/public/image-storage/demo-template-sale/updatetheme/theme1/landing/palate1/Theme1_Palate1_Dt.png"
          },
          {
            "main_MB": "https://image.smart-ai-api.com/public/image-storage/demo-template-sale/updatetheme/theme1/landing/palate1/Theme1_Palate1_Mb.png"
          }
        ]
      },
      {
        "name": "palette2",
        "title": "Theme1 > Palatte2",
        "main_image": "https://image.smart-ai-api.com/public/image-storage-betkub/images/20210813044154734770ebda0842ee98a0dc3b10b67544.png",
        "color": "https://image.smart-ai-api.com/public/image-storage/demo-template-sale/iconoalate/t1p2.png",
        "image": [{
            "main_DT": "https://image.smart-ai-api.com/public/image-storage/demo-template-sale/updatetheme/theme1/landing/palate2/Theme1_Palate2_Dt.png"
          },
          {
            "main_MB": "https://image.smart-ai-api.com/public/image-storage/demo-template-sale/updatetheme/theme1/landing/palate2/Theme1_Palate2_Mb.png"
          }
        ]
      },
      {
        "name": "palette3",
        "title": "Theme1 > Palatte3",
        "main_image": "https://image.smart-ai-api.com/public/image-storage-betkub/images/20210813044259908c25a13a584146977e511361a05c99.png",
        "color": "https://image.smart-ai-api.com/public/image-storage/demo-template-sale/iconoalate/t1p3.png",
        "image": [{
            "main_DT": "https://image.smart-ai-api.com/public/image-storage/demo-template-sale/updatetheme/theme1/landing/palate3/Theme1_Palate3_Dt.png"
          },
          {
            "main_MB": "https://image.smart-ai-api.com/public/image-storage/demo-template-sale/updatetheme/theme1/landing/palate3/Theme1_Palate3_Mb.png"
          }
        ]
      }
    ],
    "theme4": [{
        "name": "palette1",
        "title": "Theme4 > Palatte1",
        "main_image": "https://image.smart-ai-api.com/public/image-storage-betkub/images/202108130444233c80fc0c68e445c39f4ed1d62e0bc270.png",
        "color": "https://image.smart-ai-api.com/public/image-storage/demo-template-sale/iconoalate/t4p1.png",
        "image": [{
            "main_DT": "https://image.smart-ai-api.com/public/image-storage/smartbet-sale-theme/ldpage/4/p1/dt/ld_t4_p1_main_dt%28code%29.jpg",
            "sport_DT": "https://image.smart-ai-api.com/public/image-storage/smartbet-sale-theme/ldpage/4/p1/dt/ld_t4_p1_sport_dt%28code%29.jpg",
            "casino_DT": "https://image.smart-ai-api.com/public/image-storage/smartbet-sale-theme/ldpage/4/p1/dt/ld_t4_p1_casino_dt%28code%29.jpg",
            "slot_DT": "https://image.smart-ai-api.com/public/image-storage/smartbet-sale-theme/ldpage/4/p1/dt/ld_t4_p1_slot_dt%28code%29.jpg",
            "horse_DT": "https://image.smart-ai-api.com/public/image-storage/smartbet-sale-theme/ldpage/4/p1/dt/ld_t4_p1_horse_dt%28code%29.jpg",
            "esport_DT": "https://image.smart-ai-api.com/public/image-storage/smartbet-sale-theme/ldpage/4/p1/dt/ld_t4_p1_e-sport_dt%28code%29.jpg",
            "fishing_DT": "https://image.smart-ai-api.com/public/image-storage/smartbet-sale-theme/ldpage/4/p1/dt/ld_t4_p1_fishing_dt%28code%29.jpg"
          },
          {
            "main_MB": "https://image.smart-ai-api.com/public/image-storage/smartbet-sale-theme/ldpage/4/p1/mb/ld_t4_p1_main_mb%28code%29.jpg",
            "sport_MB": "https://image.smart-ai-api.com/public/image-storage/smartbet-sale-theme/ldpage/4/p1/mb/ld_t4_p1_sport_mb%28code%29.jpg",
            "casino_MB": "https://image.smart-ai-api.com/public/image-storage/smartbet-sale-theme/ldpage/4/p1/mb/ld_t4_p1_casino_mb%28code%29.jpg",
            "slot_MB": "https://image.smart-ai-api.com/public/image-storage/smartbet-sale-theme/ldpage/4/p1/mb/ld_t4_p1_slot_mb%28code%29.jpg",
            "horse_MB": "https://image.smart-ai-api.com/public/image-storage/smartbet-sale-theme/ldpage/4/p1/mb/ld_t4_p1_horse_mb%28code%29.jpg",
            "esport_MB": "https://image.smart-ai-api.com/public/image-storage/smartbet-sale-theme/ldpage/4/p1/mb/ld_t4_p1_e-sport_mb%28code%29.jpg",
            "fishing_MB": "https://image.smart-ai-api.com/public/image-storage/smartbet-sale-theme/ldpage/4/p1/mb/ld_t4_p1_fishing_mb%28code%29.jpg"
          }
        ]
      },
      {
        "name": "palette2",
        "title": "Theme4 >  Palatte2",
        "main_image": "https://image.smart-ai-api.com/public/image-storage-betkub/images/202108130445386a249f364831483283fe61cc8796fc4c.png",
        "color": "https://image.smart-ai-api.com/public/image-storage/demo-template-sale/iconoalate/t4p2.png",
        "image": [{
            "main_DT": "https://image.smart-ai-api.com/public/image-storage/smartbet-sale-theme/ldpage/4/p2/dt/ld_t4_p2_main_dt%28code%29.jpg",
            "sport_DT": "https://image.smart-ai-api.com/public/image-storage/smartbet-sale-theme/ldpage/4/p2/dt/ld_t4_p2_sport_dt%28code%29.jpg",
            "casino_DT": "https://image.smart-ai-api.com/public/image-storage/smartbet-sale-theme/ldpage/4/p2/dt/ld_t4_p2_casino_dt%28code%29.jpg",
            "slot_DT": "https://image.smart-ai-api.com/public/image-storage/smartbet-sale-theme/ldpage/4/p2/dt/ld_t4_p2_slot_dt%28code%29.jpg",
            "horse_DT": "https://image.smart-ai-api.com/public/image-storage/smartbet-sale-theme/ldpage/4/p2/dt/ld_t4_p2_horse_dt%28code%29.jpg",
            "esport_DT": "https://image.smart-ai-api.com/public/image-storage/smartbet-sale-theme/ldpage/4/p2/dt/ld_t4_p2_e-sport_dt%28code%29.jpg",
            "fishing_DT": "https://image.smart-ai-api.com/public/image-storage/smartbet-sale-theme/ldpage/4/p2/dt/ld_t4_p2_fishing_dt%28code%29.jpg"
          },
          {
            "main_MB": "https://image.smart-ai-api.com/public/image-storage/smartbet-sale-theme/ldpage/4/p2/mb/ld_t4_p2_main_mb%28code%29.jpg",
            "sport_MB": "https://image.smart-ai-api.com/public/image-storage/smartbet-sale-theme/ldpage/4/p2/mb/ld_t4_p2_sport_mb%28code%29.jpg",
            "casino_MB": "https://image.smart-ai-api.com/public/image-storage/smartbet-sale-theme/ldpage/4/p2/mb/ld_t4_p2_casino_mb%28code%29.jpg",
            "slot_MB": "https://image.smart-ai-api.com/public/image-storage/smartbet-sale-theme/ldpage/4/p2/mb/ld_t4_p2_slot_mb%28code%29.jpg",
            "horse_MB": "https://image.smart-ai-api.com/public/image-storage/smartbet-sale-theme/ldpage/4/p2/mb/ld_t4_p2_horse_mb%28code%29.jpg",
            "esport_MB": "https://image.smart-ai-api.com/public/image-storage/smartbet-sale-theme/ldpage/4/p2/mb/ld_t4_p2_e-sport_mb%28code%29.jpg",
            "fishing_MB": "https://image.smart-ai-api.com/public/image-storage/smartbet-sale-theme/ldpage/4/p2/mb/ld_t4_p2_fishing_mb%28code%29.jpg"
          }
        ]
      },
      {
        "name": "palette3",
        "title": "Theme4 >  Palatte3",
        "main_image": "https://image.smart-ai-api.com/public/image-storage-betkub/images/20210813044607fe20cedc179a4ec0afe73e9066b6bfed.png",
        "color": "https://image.smart-ai-api.com/public/image-storage/demo-template-sale/iconoalate/t4p3.png",
        "image": [{
            "main_DT": "https://image.smart-ai-api.com/public/image-storage/smartbet-sale-theme/ldpage/4/p3/dt/ld_t4_p3_main_dt%28code%29.jpg",
            "sport_DT": "https://image.smart-ai-api.com/public/image-storage/smartbet-sale-theme/ldpage/4/p3/dt/ld_t4_p3_sport_dt%28code%29.jpg",
            "casino_DT": "https://image.smart-ai-api.com/public/image-storage/smartbet-sale-theme/ldpage/4/p3/dt/ld_t4_p3_casino_dt%28code%29.jpg",
            "slot_DT": "https://image.smart-ai-api.com/public/image-storage/smartbet-sale-theme/ldpage/4/p3/dt/ld_t4_p3_slot_dt%28code%29.jpg",
            "horse_DT": "https://image.smart-ai-api.com/public/image-storage/smartbet-sale-theme/ldpage/4/p3/dt/ld_t4_p3_horse_dt%28code%29.jpg",
            "esport_DT": "https://image.smart-ai-api.com/public/image-storage/smartbet-sale-theme/ldpage/4/p3/dt/ld_t4_p3_e-sport_dt%28code%29.jpg",
            "fishing_DT": "https://image.smart-ai-api.com/public/image-storage/smartbet-sale-theme/ldpage/4/p3/dt/ld_t4_p3_fishing_dt%28code%29.jpg"
          },
          {
            "main_MB": "https://image.smart-ai-api.com/public/image-storage/smartbet-sale-theme/ldpage/4/p3/mb/ld_t4_p3_main_mb%28code%29.jpg",
            "sport_MB": "https://image.smart-ai-api.com/public/image-storage/smartbet-sale-theme/ldpage/4/p3/mb/ld_t4_p3_sport_mb%28code%29.jpg",
            "casino_MB": "https://image.smart-ai-api.com/public/image-storage/smartbet-sale-theme/ldpage/4/p3/mb/ld_t4_p3_casino_mb%28code%29.jpg",
            "slot_MB": "https://image.smart-ai-api.com/public/image-storage/smartbet-sale-theme/ldpage/4/p3/mb/ld_t4_p3_slot_mb%28code%29.jpg",
            "horse_MB": "https://image.smart-ai-api.com/public/image-storage/smartbet-sale-theme/ldpage/4/p3/mb/ld_t4_p3_horse_mb%28code%29.jpg",
            "esport_MB": "https://image.smart-ai-api.com/public/image-storage/smartbet-sale-theme/ldpage/4/p3/mb/ld_t4_p3_e-sport_mb%28code%29.jpg",
            "fishing_MB": "https://image.smart-ai-api.com/public/image-storage/smartbet-sale-theme/ldpage/4/p3/mb/ld_t4_p3_fishing_mb%28code%29.jpg"
          }
        ]
      }
    ],
    "theme5": [{
      "name": "palette1",
      "title": "Theme5 >  Palatte1",
      "main_image": "https://image.smart-ai-api.com/public/image-storage/smartbet-sale-theme/ldpage/5/Mockup_ld_theme5-code.png",
      "color": "https://image.smart-ai-api.com/public/image-storage/demo-template-sale/iconoalate/t5p1.png",
      "image": [{
          "main_DT": "https://image.smart-ai-api.com/public/image-storage/smartbet-sale-theme/ldpage/5/dt/ld_t5_p1_main_dt%28code%29.jpg",
          "sport_DT": "https://image.smart-ai-api.com/public/image-storage/smartbet-sale-theme/ldpage/5/dt/ld_t5_p1_sport_dt%28code%29.jpg",
          "casino_DT": "https://image.smart-ai-api.com/public/image-storage/smartbet-sale-theme/ldpage/5/dt/ld_t5_p1_casino_dt%28code%29.jpg",
          "slot_DT": "https://image.smart-ai-api.com/public/image-storage/smartbet-sale-theme/ldpage/5/dt/ld_t5_p1_slot_dt%28code%29.jpg",
          "horse_DT": "https://image.smart-ai-api.com/public/image-storage/smartbet-sale-theme/ldpage/5/dt/ld_t5_p1_horse_dt%28code%29.jpg",
          "esport_DT": "https://image.smart-ai-api.com/public/image-storage/smartbet-sale-theme/ldpage/5/dt/ld_t5_p1_e-sport_dt%28code%29.jpg",
          "fishing_DT": "https://image.smart-ai-api.com/public/image-storage/smartbet-sale-theme/ldpage/5/dt/ld_t5_p1_fish_dt%28code%29.jpg"
        },
        {
          "main_MB": "https://image.smart-ai-api.com/public/image-storage/smartbet-sale-theme/ldpage/5/mb/ld_t5_main_mb%28code%29.jpg",
          "sport_MB": "https://image.smart-ai-api.com/public/image-storage/smartbet-sale-theme/ldpage/5/mb/ld_t5_p1_sport_mb%28code%29.jpg",
          "casino_MB": "https://image.smart-ai-api.com/public/image-storage/smartbet-sale-theme/ldpage/5/mb/ld_t5_p1_casino_mb%28code%29.jpg",
          "slot_MB": "https://image.smart-ai-api.com/public/image-storage/smartbet-sale-theme/ldpage/5/mb/ld_t5_p1_slot_mb%28code%29.jpg",
          "horse_MB": "https://image.smart-ai-api.com/public/image-storage/smartbet-sale-theme/ldpage/5/mb/ld_t5_p1_horse_mb%28code%29.jpg",
          "esport_MB": "https://image.smart-ai-api.com/public/image-storage/smartbet-sale-theme/ldpage/5/mb/ld_t5_p1_e-sport_mb%28code%29.jpg",
          "fishing_MB": "https://image.smart-ai-api.com/public/image-storage/smartbet-sale-theme/ldpage/5/mb/ld_t5_p1_fish_mb%28code%29.jpg"
        }
      ]
    }],
    "theme6": [{
      "name": "palette1",
      "title": "Theme6 >  Palatte1",
      "main_image": "https://image.smart-ai-api.com/public/image-storage/smartbet-sale-theme/ldpage/6/Mockup_ld_theme6-code.png",
      "color": "https://image.smart-ai-api.com/public/image-storage/smartbet-sale-theme/seo/6/mb/t6.png",
      "image": [{
          "main_DT": "https://image.smart-ai-api.com/public/image-storage/smartbet-sale-theme/ldpage/6/dt/ld_t6_p1_main_dt%28code%29.jpg",
          "sport_DT": "https://image.smart-ai-api.com/public/image-storage/smartbet-sale-theme/ldpage/6/dt/ld_t6_p1_sport_dt%28code%29.jpg",
          "casino_DT": "https://image.smart-ai-api.com/public/image-storage/smartbet-sale-theme/ldpage/6/dt/ld_t6_p1_casino_dt%28code%29.jpg",
          "slot_DT": "https://image.smart-ai-api.com/public/image-storage/smartbet-sale-theme/ldpage/6/dt/ld_t6_p1_slot_dt%28code%29.jpg",
          "horse_DT": "https://image.smart-ai-api.com/public/image-storage/smartbet-sale-theme/ldpage/6/dt/ld_t6_p1_horse_dt%28code%29.jpg",
          "esport_DT": "https://image.smart-ai-api.com/public/image-storage/smartbet-sale-theme/ldpage/6/dt/ld_t6_p1_e-sport_dt%28code%29.jpg",
          "fishing_DT": "https://image.smart-ai-api.com/public/image-storage/smartbet-sale-theme/ldpage/6/dt/ld_t6_p1_fish_dt%28code%29.jpg"
        },
        {
          "main_MB": "https://image.smart-ai-api.com/public/image-storage/smartbet-sale-theme/ldpage/6/mb/ld_t6_p1_main_mb%28code%29.jpg",
          "sport_MB": "https://image.smart-ai-api.com/public/image-storage/smartbet-sale-theme/ldpage/6/mb/ld_t6_p1_sport_mb%28code%29.jpg",
          "casino_MB": "https://image.smart-ai-api.com/public/image-storage/smartbet-sale-theme/ldpage/6/mb/ld_t6_p1_casino_mb%28code%29.jpg",
          "slot_MB": "https://image.smart-ai-api.com/public/image-storage/smartbet-sale-theme/ldpage/6/mb/ld_t6_p1_slot_mb%28code%29.jpg",
          "horse_MB": "https://image.smart-ai-api.com/public/image-storage/smartbet-sale-theme/ldpage/6/mb/ld_t6_p1_horse_mb%28code%29.jpg",
          "esport_MB": "https://image.smart-ai-api.com/public/image-storage/smartbet-sale-theme/ldpage/6/mb/ld_t6_p1_e-sport_mb%28code%29.jpg",
          "fishing_MB": "https://image.smart-ai-api.com/public/image-storage/smartbet-sale-theme/ldpage/6/mb/ld_t6_p1_fish_mb%28code%29.jpg"
        }
      ],
      "description": ""
    }],
    "theme8": [{
      "name": "palette1",
      "title": "Theme8 >  Palatte1",
      "main_image": "https://image.smart-ai-api.com/public/image-storage/smartbet-sale-theme/ldpage/8/Mockup_ld_theme8-code.png",
      "color": "https://image.smart-ai-api.com/public/image-storage/smartbet-sale-theme/seo/6/mb/t8.png",
      "image": [{
          "main_DT": "https://image.smart-ai-api.com/public/image-storage/smartbet-sale-theme/ldpage/8/dt/ld_t8_p1_main_dt%28code%29.jpg",
          "sport_DT": "https://image.smart-ai-api.com/public/image-storage/smartbet-sale-theme/ldpage/8/dt/ld_t8_p1_sport_dt%28code%29.jpg",
          "casino_DT": "https://image.smart-ai-api.com/public/image-storage/smartbet-sale-theme/ldpage/8/dt/ld_t8_p1_casino_dt%28code%29.jpg",
          "slot_DT": "https://image.smart-ai-api.com/public/image-storage/smartbet-sale-theme/ldpage/8/dt/ld_t8_p1_slot_dt%28code%29.jpg",
          "horse_DT": "https://image.smart-ai-api.com/public/image-storage/smartbet-sale-theme/ldpage/8/dt/ld_t8_p1_horse_dt%28code%29.jpg",
          "esport_DT": "https://image.smart-ai-api.com/public/image-storage/smartbet-sale-theme/ldpage/8/dt/ld_t8_p1_e-sport_dt%28code%29.jpg",
          "fishing_DT": "https://image.smart-ai-api.com/public/image-storage/smartbet-sale-theme/ldpage/8/dt/ld_t8_p1_fish_dt%28code%29.jpg",
          "promotion_DT": "https://image.smart-ai-api.com/public/image-storage/smartbet-sale-theme/ldpage/8/dt/ld_t8_p1_promotion_dt%28code%29.jpg"
        },
        {
          "main_MB": "https://image.smart-ai-api.com/public/image-storage/smartbet-sale-theme/ldpage/8/mb/ld_t8_main_mb%28code%29.jpg",
          "sport_MB": "https://image.smart-ai-api.com/public/image-storage/smartbet-sale-theme/ldpage/8/mb/ld_t8_p1_sport_mb%28code%29.jpg",
          "casino_MB": "https://image.smart-ai-api.com/public/image-storage/smartbet-sale-theme/ldpage/8/mb/ld_p1_t8_casino_mb%28code%29.jpg",
          "slot_MB": "https://image.smart-ai-api.com/public/image-storage/smartbet-sale-theme/ldpage/8/mb/ld_t8_p1_slot_mb%28code%29.jpg",
          "horse_MB": "https://image.smart-ai-api.com/public/image-storage/smartbet-sale-theme/ldpage/8/mb/ld_t8_p1_horse_mb%28code%29.jpg",
          "esport_MB": "https://image.smart-ai-api.com/public/image-storage/smartbet-sale-theme/ldpage/8/mb/ld_t8_p1_e-sport_mb%28code%29.jpg",
          "fishing_MB": "https://image.smart-ai-api.com/public/image-storage/smartbet-sale-theme/ldpage/8/mb/ld_t8_p1_fish_mb%28code%29.jpg",
          "promotion_MB": "https://image.smart-ai-api.com/public/image-storage/smartbet-sale-theme/ldpage/8/mb/ld_t8_p1_promotion_mb%28code%29.jpg"
        }
      ],
      "description": ""
    }],
    "theme9": [{
      "name": "palette1",
      "title": "Theme9 >  Palatte1",
      "main_image": "https://image.smart-ai-api.com/public/image-storage/smartbet-sale-theme/ldpage/9/Mockup_ld_theme9-code.png",
      "color": "https://image.smart-ai-api.com/public/image-storage/demo-template-sale/iconoalate/t8p1111.png",
      "image": [{
          "main_DT": "https://image.smart-ai-api.com/public/image-storage/smartbet-sale-theme/ldpage/9/dt/ld_t9_p1_main_dt%20code%29.png",
          "sport_DT": "https://image.smart-ai-api.com/public/image-storage/smartbet-sale-theme/ldpage/9/dt/ld_t9_p1_sport_dt%20code%29.png",
          "casino_DT": "https://image.smart-ai-api.com/public/image-storage/smartbet-sale-theme/ldpage/9/dt/ld_t9_p1_casino_dt%20code%29.png",
          "slot_DT": "https://image.smart-ai-api.com/public/image-storage/smartbet-sale-theme/ldpage/9/dt/ld_t9_p1_slot_dt%20code%29.png",
          "horse_DT": "https://image.smart-ai-api.com/public/image-storage/smartbet-sale-theme/ldpage/9/dt/ld_t9_p1_horse_dt%20code%29.png",
          "esport_DT": "https://image.smart-ai-api.com/public/image-storage/smartbet-sale-theme/ldpage/9/dt/ld_t9_p1_e-sport_dt%20code%29.png",
          "fishing_DT": "https://image.smart-ai-api.com/public/image-storage/smartbet-sale-theme/ldpage/9/dt/ld_t9_p1_fishing_dt%20code%29.png",
          "promotion_DT": "https://image.smart-ai-api.com/public/image-storage/smartbet-sale-theme/ldpage/9/dt/ld_t9_p1_promotion_dt%20code%29.png"
        },
        {
          "main_MB": "https://image.smart-ai-api.com/public/image-storage/smartbet-sale-theme/ldpage/9/mb/ld_t9_p1_main_mb%20code%29.png",
          "sport_MB": "https://image.smart-ai-api.com/public/image-storage/smartbet-sale-theme/ldpage/9/mb/ld_t9_p1_sport_mb%20code%29.png",
          "casino_MB": "https://image.smart-ai-api.com/public/image-storage/smartbet-sale-theme/ldpage/9/mb/ld_t9_p1_casino_mb%20code%29.png",
          "slot_MB": "https://image.smart-ai-api.com/public/image-storage/smartbet-sale-theme/ldpage/9/mb/ld_t9_p1_slot_mb%20code%29.png",
          "horse_MB": "https://image.smart-ai-api.com/public/image-storage/smartbet-sale-theme/ldpage/9/mb/ld_t9_p1_horse_mb%20code%29.png",
          "esport_MB": "https://image.smart-ai-api.com/public/image-storage/smartbet-sale-theme/ldpage/9/mb/ld_t9_p1_e-sport_mb%20code%29.png",
          "fishing_MB": "https://image.smart-ai-api.com/public/image-storage/smartbet-sale-theme/ldpage/9/mb/ld_t9_p1_fishing_mb%20code%29.png",
          "promotion_MB": "https://image.smart-ai-api.com/public/image-storage/smartbet-sale-theme/ldpage/9/mb/ld_t9_p1_promotion_mb%20code%29.png"
        }
      ],
      "description": ""
    }],
    "theme10": [{
      "name": "palette1",
      "title": "Theme10 >  Palatte1",
      "main_image": "https://image.smart-ai-api.com/public/image-storage/smartbet-sale-theme/ldpage/10/Mockup_ld_theme10-code.png",
      "color": "https://image.smart-ai-api.com/public/image-storage/smartbet-sale-theme/seo/6/mb/t10.png",
      "image": [{
          "main_DT": "https://image.smart-ai-api.com/public/image-storage/smartbet-sale-theme/ldpage/10/dt/ld_t10_p1_main_dt%28code%29.png",
          "sport_DT": "https://image.smart-ai-api.com/public/image-storage/smartbet-sale-theme/ldpage/10/dt/ld_t10_p1_sport_dt%28code%29.png",
          "casino_DT": "https://image.smart-ai-api.com/public/image-storage/smartbet-sale-theme/ldpage/10/dt/ld_t10_p1_casino_dt%28code%29.png",
          "slot_DT": "https://image.smart-ai-api.com/public/image-storage/smartbet-sale-theme/ldpage/10/dt/ld_t10_p1_slot_dt%28code%29.png",
          "horse_DT": "https://image.smart-ai-api.com/public/image-storage/smartbet-sale-theme/ldpage/10/dt/ld_t10_p1_horse_dt%28code%29.png",
          "esport_DT": "https://image.smart-ai-api.com/public/image-storage/smartbet-sale-theme/ldpage/10/dt/ld_t10_p1_e-sport_dt%28code%29.png",
          "fishing_DT": "https://image.smart-ai-api.com/public/image-storage/smartbet-sale-theme/ldpage/10/dt/ld_t10_p1_fishing_dt%28code%29.png"
        },
        {
          "main_MB": "https://image.smart-ai-api.com/public/image-storage/smartbet-sale-theme/ldpage/10/mb/ld_t10_p1_main_mb%20code%29.jpg",
          "slot_MB": "https://image.smart-ai-api.com/public/image-storage/smartbet-sale-theme/ldpage/10/mb/ld_t10_p1_slot_mb%20code%29.jpg",
          "horse_MB": "https://image.smart-ai-api.com/public/image-storage/smartbet-sale-theme/ldpage/10/mb/ld_t10_p1_horse_mb%20code%29.jpg",
          "esport_MB": "https://image.smart-ai-api.com/public/image-storage/smartbet-sale-theme/ldpage/10/mb/ld_t10_p1_e-sport_mb%20code%29.jpg",
          "fishing_MB": "https://image.smart-ai-api.com/public/image-storage/smartbet-sale-theme/ldpage/10/mb/ld_t10_p1_fishing_mb%20code%29.jpg"
        }
      ],
      "description": ""
    }]
  },
  "landing_page_seo": {
    "theme4": [{
      "name": "palette1",
      "title": "Theme4 > Palatte1",
      "main_image": "https://image.smart-ai-api.com/public/image-storage/smartbet-sale-theme/seo/4/Mockup_ld_theme4-wp.png",
      "color": "https://image.smart-ai-api.com/public/image-storage/smartbet-sale-theme/seo/6/mb/t4wp.png",
      "image": [{
          "main_DT": "https://image.smart-ai-api.com/public/image-storage/smartbet-sale-theme/seo/4/dt/ld_t4_p1_main_dt%28wp%29.jpg",
          "sport_DT": "https://image.smart-ai-api.com/public/image-storage/smartbet-sale-theme/seo/4/dt/ld_t4_p1_sport_dt%28wp%29.jpg",
          "casino_DT": "https://image.smart-ai-api.com/public/image-storage/smartbet-sale-theme/seo/4/dt/ld_t4_p1_casino_dt%28wp%29.jpg",
          "slot_DT": "https://image.smart-ai-api.com/public/image-storage/smartbet-sale-theme/seo/4/dt/ld_t4_p1_slot_dt%28wp%29.jpg",
          "horse_DT": "https://image.smart-ai-api.com/public/image-storage/smartbet-sale-theme/seo/4/dt/ld_t4_p1_horse_dt%28wp%29.jpg",
          "esport_DT": "https://image.smart-ai-api.com/public/image-storage/smartbet-sale-theme/seo/4/dt/ld_t4_p1_e-sport_dt%28wp%29.jpg",
          "fishing_DT": "https://image.smart-ai-api.com/public/image-storage/smartbet-sale-theme/seo/4/dt/ld_t4_p1_fish_dt%28wp%29.jpg"
        },
        {
          "main_MB": "https://image.smart-ai-api.com/public/image-storage/smartbet-sale-theme/seo/4/mb/ld_t4_p1_main_mb%28wp%29.jpg",
          "sport_MB": "https://image.smart-ai-api.com/public/image-storage/smartbet-sale-theme/seo/4/mb/ld_t4_p1_sport_mb%28wp%29.jpg",
          "casino_MB": "https://image.smart-ai-api.com/public/image-storage/smartbet-sale-theme/seo/4/mb/ld_t4_p1_casino_mb%28wp%29.jpg",
          "slot_MB": "https://image.smart-ai-api.com/public/image-storage/smartbet-sale-theme/seo/4/mb/ld_t4_p1_slot_mb%28wp%29.jpg",
          "horse_MB": "https://image.smart-ai-api.com/public/image-storage/smartbet-sale-theme/seo/4/mb/ld_t4_p1_horse_mb%28wp%29.jpg",
          "esport_MB": "https://image.smart-ai-api.com/public/image-storage/smartbet-sale-theme/seo/4/mb/ld_t4_p1_e-sport_mb%28wp%29.jpg",
          "fishing_MB": "https://image.smart-ai-api.com/public/image-storage/smartbet-sale-theme/seo/4/mb/ld_t4_p1_fish_mb%28wp%29.jpg"

        }
      ],
      "description": ""
    }],
    "theme5": [{
      "name": "palette1",
      "title": "Theme5 > Palatte1",
      "main_image": "https://image.smart-ai-api.com/public/image-storage/smartbet-sale-theme/seo/5/Mockup_ld_theme05-wp.png",
      "color": "https://image.smart-ai-api.com/public/image-storage/smartbet-sale-theme/seo/6/mb/t5wp.png",
      "image": [{
          "main_DT": "https://image.smart-ai-api.com/public/image-storage/smartbet-sale-theme/seo/5/dt/ld_t5_p1_main_dt%28wp%29.png",
          "sport_DT": "https://image.smart-ai-api.com/public/image-storage/smartbet-sale-theme/seo/5/dt/ld_t5_p1_sport_dt%28wp%29.png",
          "casino_DT": "https://image.smart-ai-api.com/public/image-storage/smartbet-sale-theme/seo/5/dt/ld_t5_p1_casino_dt%28wp%29.png",
          "slot_DT": "https://image.smart-ai-api.com/public/image-storage/smartbet-sale-theme/seo/5/dt/ld_t5_p1_slot_dt%28wp%29.png",
          "horse_DT": "https://image.smart-ai-api.com/public/image-storage/smartbet-sale-theme/seo/5/dt/ld_t5_p1_horse_dt%28wp%29.png",
          "esport_DT": "https://image.smart-ai-api.com/public/image-storage/smartbet-sale-theme/seo/5/dt/ld_t5_p1_e-sport_dt%28wp%29.png",
          "fishing_DT": "https://image.smart-ai-api.com/public/image-storage/smartbet-sale-theme/seo/5/dt/ld_t5_p1_fishing_dt%28wp%29.png"
        },
        {
          "main_MB": "https://image.smart-ai-api.com/public/image-storage/smartbet-sale-theme/seo/5/mb/ld_t5_p1_main_mb%28wp%29.png",
          "sport_MB": "https://image.smart-ai-api.com/public/image-storage/smartbet-sale-theme/seo/5/mb/ld_t5_p1_sport_mb%28wp%29.png",
          "casino_MB": "https://image.smart-ai-api.com/public/image-storage/smartbet-sale-theme/seo/5/mb/ld_t5_p1_casino_mb%28wp%29.png",
          "slot_MB": "https://image.smart-ai-api.com/public/image-storage/smartbet-sale-theme/seo/5/mb/ld_t5_p1_slot_mb%28wp%29.png",
          "horse_MB": "https://image.smart-ai-api.com/public/image-storage/smartbet-sale-theme/seo/5/mb/ld_t5_p1_horse_mb%28wp%29.png",
          "esport_MB": "https://image.smart-ai-api.com/public/image-storage/smartbet-sale-theme/seo/5/mb/ld_t5_p1_e-sport_mb%28wp%29.png",
          "fishing_MB": "https://image.smart-ai-api.com/public/image-storage/smartbet-sale-theme/seo/5/mb/ld_t5_p1_fishing_mb%28wp%29.png"
        }
      ],
      "description": ""
    }],
    "theme6": [{
      "name": "palette1",
      "title": "Theme6 > Palatte1",
      "main_image": "https://image.smart-ai-api.com/public/image-storage/smartbet-sale-theme/seo/6/Mockup_ld_theme06-wp.png",
      "color": "https://image.smart-ai-api.com/public/image-storage/smartbet-sale-theme/seo/6/mb/t6wp.png",
      "image": [{
          "main_DT": "https://image.smart-ai-api.com/public/image-storage/smartbet-sale-theme/seo/6/dt/ld_t6_p1_main_dt%28wp%29.jpg"
        },
        {
          "main_MB": "https://image.smart-ai-api.com/public/image-storage/smartbet-sale-theme/seo/6/mb/ld_t6_p1_main_mb%28wp%29.jpg"
        }
      ],
      "description": ""
    }]
  },
  "Member": {
    "theme1": [
      {
      "name": "palette1",
      "title": "Theme1 > Palatte1",
      "mock_image": "https://image.smart-ai-api.com/public/image-storage/smartbet-sale-theme/member/theme1/mockup/mm_t1_p1_mock-up.png",
      "color": "https://image.smart-ai-api.com/public/image-storage/smartbet-sale-theme/member/m1p1.png",
      "image_dt": [{
          "text": "p.login1",
          "value": "https://image.smart-ai-api.com/public/image-storage/smartbet-sale-theme/member/theme1/dt/mm_t1_p1_login01_dt.jpg"
        },
        {
          "text": "p.login2",
          "value": "https://image.smart-ai-api.com/public/image-storage/smartbet-sale-theme/member/theme1/dt/mm_t1_p1_login02_dt.jpg"
        },
        {
          "text": "p.login3",
          "value": "https://image.smart-ai-api.com/public/image-storage/smartbet-sale-theme/member/theme1/dt/mm_t1_p1_login03_dt.jpg"
        },
        {
          "text": "p.login4",
          "value": "https://image.smart-ai-api.com/public/image-storage/smartbet-sale-theme/member/theme1/dt/mm_t1_p1_login04_dt.jpg"
        },
        {
          "text": "p.change passwprd",
          "value": "https://image.smart-ai-api.com/public/image-storage/smartbet-sale-theme/member/theme1/dt/mm_t1_p1_Change-password_dt.jpg"
        },
        {
          "text": "p.casino game",
          "value": "https://image.smart-ai-api.com/public/image-storage/smartbet-sale-theme/member/theme1/dt/mm_t1_p1_Casino%20game_dt.jpg"
        },
        {
          "text": "p.checkin",
          "value": "https://image.smart-ai-api.com/public/image-storage/smartbet-sale-theme/member/theme1/dt/mm_t1_p1_Check-in_dt.jpg"
        },
        {
          "text": "p.deposit",
          "value": "https://image.smart-ai-api.com/public/image-storage/smartbet-sale-theme/member/theme1/dt/mm_t1_p1_deposite_dt.jpg"
        },
        {
          "text": "p.enter game",
          "value": "https://image.smart-ai-api.com/public/image-storage/smartbet-sale-theme/member/theme1/dt/mm_t1_p1_Enter-Game_dt.jpg"
        },
        {
          "text": "p.e-sport",
          "value": "https://image.smart-ai-api.com/public/image-storage/smartbet-sale-theme/member/theme1/dt/mm_t1_p1_E-sport_dt.jpg"
        },
        {
          "text": "p.event",
          "value": "https://image.smart-ai-api.com/public/image-storage/smartbet-sale-theme/member/theme1/dt/mm_t1_p1_Event_dt.jpg"
        },
        {
          "text": "p.fishing game",
          "value": "https://image.smart-ai-api.com/public/image-storage/smartbet-sale-theme/member/theme1/dt/mm_t1_p1_Fishing%20game_dt.jpg"
        },
        {
          "text": "p.free credit",
          "value": "https://image.smart-ai-api.com/public/image-storage/smartbet-sale-theme/member/theme1/dt/mm_t1_p1_free-credit_dt.jpg"
        },
        {
          "text": "p.history",
          "value": "https://image.smart-ai-api.com/public/image-storage/smartbet-sale-theme/member/theme1/dt/mm_t1_p1_history_dt.jpg"
        },
        {
          "text": "p.horse game",
          "value": "https://image.smart-ai-api.com/public/image-storage/smartbet-sale-theme/member/theme1/dt/mm_t1_p1_Horse%20game_dt.jpg"
        },
        {
          "text": "p.lucky link ",
          "value": "https://image.smart-ai-api.com/public/image-storage/smartbet-sale-theme/member/theme1/dt/mm_t1_p1_lucky%20link_dt.jpg"
        },
        {
          "text": "p.modal",
          "value": "https://image.smart-ai-api.com/public/image-storage/smartbet-sale-theme/member/theme1/dt/mm_t1_p1_modal_dt.jpg"
        },
        {
          "text": "p.modal_qrcode",
          "value": "https://image.smart-ai-api.com/public/image-storage/smartbet-sale-theme/member/theme1/dt/mm_t1_p1_modal_QR-code_dt.jpg"
        },
        {
          "text": "p.profile",
          "value": "https://image.smart-ai-api.com/public/image-storage/smartbet-sale-theme/member/theme1/dt/mm_t1_p1_profile_dt.jpg"
        },
        {
          "text": "p.promotion member",
          "value": "https://image.smart-ai-api.com/public/image-storage/smartbet-sale-theme/member/theme1/dt/mm_t1_p1_promotion-member_dt.jpg"
        },
        {
          "text": "p.slot game",
          "value": "https://image.smart-ai-api.com/public/image-storage/smartbet-sale-theme/member/theme1/dt/mm_t1_p1_Slot%20game_dt.jpg"
        },
        {
          "text": "p.sport game",
          "value": "https://image.smart-ai-api.com/public/image-storage/smartbet-sale-theme/member/theme1/dt/mm_t1_p1_Sport%20game_dt.jpg"
        },
        {
          "text": "p.wheel",
          "value": "https://image.smart-ai-api.com/public/image-storage/smartbet-sale-theme/member/theme1/dt/mm_t1_p1_wheel_dt.jpg"
        },
        {
          "text": "p.withdraw",
          "value": "https://image.smart-ai-api.com/public/image-storage/smartbet-sale-theme/member/theme1/dt/mm_t1_p1_withdraw_dt.jpg"
        }
      ],
      "image_mb": [{
          "text": "p.login",
          "value": "https://image.smart-ai-api.com/public/image-storage/smartbet-sale-theme/member/theme1/mb/mm_t1_p1_login01_mb.jpg"
        },
        {
          "text": "p.register1",
          "value": "https://image.smart-ai-api.com/public/image-storage/smartbet-sale-theme/member/theme1/mb/mm_t1_p1_login02_mb.jpg"
        },
        {
          "text": "p.register2",
          "value": "https://image.smart-ai-api.com/public/image-storage/smartbet-sale-theme/member/theme1/mb/mm_t1_p1_login03_mb.jpg"
        },
        {
          "text": "p.register3",
          "value": "https://image.smart-ai-api.com/public/image-storage/smartbet-sale-theme/member/theme1/mb/mm_t1_p1_login04_mb.jpg"
        },
        {
          "text": "p.menu slide",
          "value": "https://image.smart-ai-api.com/public/image-storage/smartbet-sale-theme/member/theme1/mb/Menu%20slide%20%284%29.jpg"
        },
        {
          "text": "p.change password",
          "value": "https://image.smart-ai-api.com/public/image-storage/smartbet-sale-theme/member/theme1/mb/mm_t1_p1_change-password_mb.png"
        },
        {
          "text": "p.checkin",
          "value": "https://image.smart-ai-api.com/public/image-storage/smartbet-sale-theme/member/theme1/mb/mm_t1_p1_check-in_mb.png"
        },
        {
          "text": "p.deposit",
          "value": "https://image.smart-ai-api.com/public/image-storage/smartbet-sale-theme/member/theme1/mb/mm_t1_p1_deposit_mb.png"
        },
        {
          "text": "p.deposit",
          "value": "https://image.smart-ai-api.com/public/image-storage/smartbet-sale-theme/member/theme1/mb/mm_t1_p1_deposit_mb.png"
        },
        {
          "text": "p.enter game",
          "value": "https://image.smart-ai-api.com/public/image-storage/smartbet-sale-theme/member/theme1/mb/mm_t1_p1_enter-game_mb.png"
        },
        {
          "text": "p.e-sport",
          "value": "https://image.smart-ai-api.com/public/image-storage/smartbet-sale-theme/member/theme1/mb/mm_t1_p1_E-sport_mb.png"
        },
        {
          "text": "p.fishing",
          "value": "https://image.smart-ai-api.com/public/image-storage/smartbet-sale-theme/member/theme1/mb/mm_t1_p1_Fishing_mb.png"
        },
        {
          "text": "p.free credit",
          "value": "https://image.smart-ai-api.com/public/image-storage/smartbet-sale-theme/member/theme1/mb/mm_t1_p1_free-credit_mb.png"
        },
        {
          "text": "p.history",
          "value": "https://image.smart-ai-api.com/public/image-storage/smartbet-sale-theme/member/theme1/mb/mm_t1_p1_history_mb.png"
        },
        {
          "text": "p.horse",
          "value": "https://image.smart-ai-api.com/public/image-storage/smartbet-sale-theme/member/theme1/mb/mm_t1_p1_horse_mb.png"
        },
        {
          "text": "p.lucky link",
          "value": "https://image.smart-ai-api.com/public/image-storage/smartbet-sale-theme/member/theme1/mb/mm_t1_p1_lucky-link_mb.png"
        },
        {
          "text": "p.modal",
          "value": "https://image.smart-ai-api.com/public/image-storage/smartbet-sale-theme/member/theme1/mb/mm_t1_p1_modal_mb.png"
        },
        {
          "text": "p.modal qrcode",
          "value": "https://image.smart-ai-api.com/public/image-storage/smartbet-sale-theme/member/theme1/mb/mm_t1_p1_modal-QR-code_mb.png"
        },
        {
          "text": "p.profile",
          "value": "https://image.smart-ai-api.com/public/image-storage/smartbet-sale-theme/member/theme1/mb/mm_t1_p1_profile_mb.png"
        },
        {
          "text": "p.promotion",
          "value": "https://image.smart-ai-api.com/public/image-storage/smartbet-sale-theme/member/theme1/mb/mm_t1_p1_promotion_mb.png"
        },
        {
          "text": "p.qrline",
          "value": "https://image.smart-ai-api.com/public/image-storage/smartbet-sale-theme/member/theme1/mb/mm_t1_p1_QR-line_mb.png"
        },
        {
          "text": "p.slot",
          "value": "https://image.smart-ai-api.com/public/image-storage/smartbet-sale-theme/member/theme1/mb/mm_t1_p1_slot_mb%20%281%29.png"
        },
        {
          "text": "p.qrline(1)",
          "value": "https://image.smart-ai-api.com/public/image-storage/smartbet-sale-theme/member/theme1/mb/mm_t1_p1_QR-line_mb%20%281%29.png"
        },
        {
          "text": "p.sport",
          "value": "https://image.smart-ai-api.com/public/image-storage/smartbet-sale-theme/member/theme1/mb/mm_t1_p1_sport_mb.png"
        },
        {
          "text": "p.wheel",
          "value": "https://image.smart-ai-api.com/public/image-storage/smartbet-sale-theme/member/theme1/mb/mm_t1_p1_wheel_mb.png"
        },
        {
          "text": "p.withdraw",
          "value": "https://image.smart-ai-api.com/public/image-storage/smartbet-sale-theme/member/theme1/mb/mm_t1_p1_withdraw_mb.png"
        }
      ]
    }],
    "theme2": [
      {
      "name": "palette1",
      "title": "Theme2 > Palatte1",
      "mock_image": "https://image.smart-ai-api.com/public/image-storage/smartbet-sale-theme/member/theme2/mockup/Mockup_mm_theme2.png",
      "color": "https://image.smart-ai-api.com/public/image-storage/smartbet-sale-theme/member/m2p1.png",
      "image_dt": [
        {
          "text": "p.bonus",
          "value": "https://image.smart-ai-api.com/public/image-storage/smartbet-sale-theme/member/theme2/dt/mm_t2_p1_bonus_dt.png"
        },
        {
          "text": "p.casino",
          "value": "https://image.smart-ai-api.com/public/image-storage/smartbet-sale-theme/member/theme2/dt/mm_t2_p1_casino_dt.png"
        },
        {
          "text": "p.change password",
          "value": "https://image.smart-ai-api.com/public/image-storage/smartbet-sale-theme/member/theme2/dt/mm_t2_p1_changpass_dt.png"
        },
        {
          "text": "p.checkin",
          "value": "https://image.smart-ai-api.com/public/image-storage/smartbet-sale-theme/member/theme2/dt/mm_t2_p1_checkin_dt.png"
        },
        {
          "text": "p.credit",
          "value": "https://image.smart-ai-api.com/public/image-storage/smartbet-sale-theme/member/theme2/dt/mm_t2_p1_credit_dt.png"
        },
        {
          "text": "p.deposit",
          "value": "https://image.smart-ai-api.com/public/image-storage/smartbet-sale-theme/member/theme2/dt/mm_t2_p1_deposit_dt.png"
        },
        {
          "text": "p.e-sport",
          "value": "https://image.smart-ai-api.com/public/image-storage/smartbet-sale-theme/member/theme2/dt/mm_t2_p1_e-sport_dt.png"
        },
        {
          "text": "p.fish",
          "value": "https://image.smart-ai-api.com/public/image-storage/smartbet-sale-theme/member/theme2/dt/mm_t2_p1_fish_dt.png"
        },
        {
          "text": "p.history",
          "value": "https://image.smart-ai-api.com/public/image-storage/smartbet-sale-theme/member/theme2/dt/mm_t2_p1_history_dt.png"
        },
        {
          "text": "p.horse",
          "value": "https://image.smart-ai-api.com/public/image-storage/smartbet-sale-theme/member/theme2/dt/mm_t2_p1_horse_dt.png"
        },
        {
          "text": "p.link",
          "value": "https://image.smart-ai-api.com/public/image-storage/smartbet-sale-theme/member/theme2/dt/mm_t2_p1_link_dt.png"
        },
        {
          "text": "p.linkline",
          "value": "https://image.smart-ai-api.com/public/image-storage/smartbet-sale-theme/member/theme2/dt/mm_t2_p1_linkline_dt%20%281%29.png"
        },
        {
          "text": "p.linkline(1)",
          "value": "https://image.smart-ai-api.com/public/image-storage/smartbet-sale-theme/member/theme2/dt/mm_t2_p1_linkline_dt%20%281%29.png"
        },
        {
          "text": "p.linkline",
          "value": "https://image.smart-ai-api.com/public/image-storage/smartbet-sale-theme/member/theme2/dt/mm_t2_p1_linkline_dt.png"
        },
        {
          "text": "p.main",
          "value": "https://image.smart-ai-api.com/public/image-storage/smartbet-sale-theme/member/theme2/dt/mm_t2_p1_main_dt.png"
        },
        {
          "text": "p.modal",
          "value": "https://image.smart-ai-api.com/public/image-storage/smartbet-sale-theme/member/theme2/dt/mm_t2_p1_modal_dt.png"
        },
        {
          "text": "p.play",
          "value": "https://image.smart-ai-api.com/public/image-storage/smartbet-sale-theme/member/theme2/dt/mm_t2_p1_play_dt.png"
        },
        {
          "text": "p.promotion",
          "value": "https://image.smart-ai-api.com/public/image-storage/smartbet-sale-theme/member/theme2/dt/mm_t2_p1_promotion_dt.png"
        },
        {
          "text": "p.register",
          "value": "https://image.smart-ai-api.com/public/image-storage/smartbet-sale-theme/member/theme2/dt/mm_t2_p1_register_dt%20%281%29.png"
        },
        {
          "text": "p.login",
          "value": "https://image.smart-ai-api.com/public/image-storage/smartbet-sale-theme/member/theme2/dt/mm_t2_p1_register_dt.png"
        },
        {
          "text": "p.register number",
          "value": "https://image.smart-ai-api.com/public/image-storage/smartbet-sale-theme/member/theme2/dt/mm_t2_p1_registernumber_dt.png"
        },
        {
          "text": "p.slot",
          "value": "https://image.smart-ai-api.com/public/image-storage/smartbet-sale-theme/member/theme2/dt/mm_t2_p1_slot_dt.png"
        },
        {
          "text": "p.sport",
          "value": "https://image.smart-ai-api.com/public/image-storage/smartbet-sale-theme/member/theme2/dt/mm_t2_p1_sport_dt.png"
        },
        {
          "text": "p.wheel",
          "value": "https://image.smart-ai-api.com/public/image-storage/smartbet-sale-theme/member/theme2/dt/mm_t2_p1_wheel_dt.png"
        },
        {
          "text": "p.withdraw",
          "value": "https://image.smart-ai-api.com/public/image-storage/smartbet-sale-theme/member/theme2/dt/mm_t2_p1_withdraw_dt.png"
        }
      ],

      "image_mb": [
        {
          "text": "p.casino",
          "value": "https://image.smart-ai-api.com/public/image-storage/smartbet-sale-theme/member/theme2/mb/mm_t2_p1_casino_mb.png"
        },
        {
          "text": "p.change password",
          "value": "https://image.smart-ai-api.com/public/image-storage/smartbet-sale-theme/member/theme2/mb/mm_t2_p1_chang%20pass_mb.png"
        },
        {
          "text": "p.checkin",
          "value": "https://image.smart-ai-api.com/public/image-storage/smartbet-sale-theme/member/theme2/mb/mm_t2_p1_checkin_mb.png"
        },
        {
          "text": "p.credit",
          "value": "https://image.smart-ai-api.com/public/image-storage/smartbet-sale-theme/member/theme2/mb/mm_t2_p1_credit_mb.png"
        },
        {
          "text": "p.deposit",
          "value": "https://image.smart-ai-api.com/public/image-storage/smartbet-sale-theme/member/theme2/mb/mm_t2_p1_deposit_mb.png"
        },
        {
          "text": "p.e-sport",
          "value": "https://image.smart-ai-api.com/public/image-storage/smartbet-sale-theme/member/theme2/mb/mm_t2_p1_e-sport_mb.png"
        },
        {
          "text": "p.fish",
          "value": "https://image.smart-ai-api.com/public/image-storage/smartbet-sale-theme/member/theme2/mb/mm_t2_p1_fish_mb.png"
        },
        {
          "text": "p.history",
          "value": "https://image.smart-ai-api.com/public/image-storage/smartbet-sale-theme/member/theme2/mb/mm_t2_p1_history_mb.png"
        },
        {
          "text": "p.horse",
          "value": "https://image.smart-ai-api.com/public/image-storage/smartbet-sale-theme/member/theme2/mb/mm_t2_p1_horse_mb.png"
        },
        {
          "text": "p.information",
          "value": "https://image.smart-ai-api.com/public/image-storage/smartbet-sale-theme/member/theme2/mb/mm_t2_p1_infomation_mb.png"
        },
        {
          "text": "p.line(1)",
          "value": "https://image.smart-ai-api.com/public/image-storage/smartbet-sale-theme/member/theme2/mb/mm_t2_p1_line_mb%20%281%29.png"
        },
        {
          "text": "p.line",
          "value": "https://image.smart-ai-api.com/public/image-storage/smartbet-sale-theme/member/theme2/mb/mm_t2_p1_line_mb.png"
        },
        {
          "text": "p.link",
          "value": "https://image.smart-ai-api.com/public/image-storage/smartbet-sale-theme/member/theme2/mb/mm_t2_p1_Link_mb.png"
        },
        {
          "text": "p.main",
          "value": "https://image.smart-ai-api.com/public/image-storage/smartbet-sale-theme/member/theme2/mb/mm_t2_p1_main_mb.png"
        },
        {
          "text": "p.modal",
          "value": "https://image.smart-ai-api.com/public/image-storage/smartbet-sale-theme/member/theme2/mb/mm_t2_p1_modal_mb.png"
        },
        {
          "text": "p.play(1)",
          "value": "https://image.smart-ai-api.com/public/image-storage/smartbet-sale-theme/member/theme2/mb/mm_t2_p1_play_mb%20%281%29.png"
        },
        {
          "text": "p.play",
          "value": "https://image.smart-ai-api.com/public/image-storage/smartbet-sale-theme/member/theme2/mb/mm_t2_p1_play_mb.png"
        },
        {
          "text": "p.promotion",
          "value": "https://image.smart-ai-api.com/public/image-storage/smartbet-sale-theme/member/theme2/mb/mm_t2_p1_promotion_mb.png"
        },
        {
          "text": "p.login",
          "value": "https://image.smart-ai-api.com/public/image-storage/smartbet-sale-theme/member/theme2/mb/mm_t2_p1_register_mb.png"
        },
        {
          "text": "p.register number",
          "value": "https://image.smart-ai-api.com/public/image-storage/smartbet-sale-theme/member/theme2/mb/mm_t2_p1_register%20number_mb.png"
        },
        {
          "text": "p.slot",
          "value": "https://image.smart-ai-api.com/public/image-storage/smartbet-sale-theme/member/theme2/mb/mm_t2_p1_slot_mb.png"
        },
        {
          "text": "p.sport",
          "value": "https://image.smart-ai-api.com/public/image-storage/smartbet-sale-theme/member/theme2/mb/mm_t2_p1_sport_mb.png"
        },
        {
          "text": "p.wheel",
          "value": "https://image.smart-ai-api.com/public/image-storage/smartbet-sale-theme/member/theme2/mb/mm_t2_p1_wheel_mb.png"
        },
        {
          "text": "p.withdraw",
          "value": "https://image.smart-ai-api.com/public/image-storage/smartbet-sale-theme/member/theme2/mb/mm_t2_p1_withdraw_mb.png"
        }
      ]
    }],
    "theme3": [
      {
      "name": "palette1",
      "title": "Theme3 > Palatte1",
      "mock_image": "https://image.smart-ai-api.com/public/image-storage/smartbet-sale-theme/member/theme3/mockup/Mockup_mm_theme3.png",
      "color": "https://image.smart-ai-api.com/public/image-storage/smartbet-sale-theme/member/m4p1.png",
      "image_dt": [
        {
          "text": "p.bonus",
          "value": "https://image.smart-ai-api.com/public/image-storage/smartbet-sale-theme/member/theme3/dt/mm_t3_p1_bonus_dt.png"
        },
        {
          "text": "p.casino",
          "value": "https://image.smart-ai-api.com/public/image-storage/smartbet-sale-theme/member/theme3/dt/mm_t3_p1_casino_dt.png"
        },
        {
          "text": "p.change password",
          "value": "https://image.smart-ai-api.com/public/image-storage/smartbet-sale-theme/member/theme3/dt/mm_t3_p1_changpass_dt.png"
        },
        {
          "text": "p.checkin",
          "value": "https://image.smart-ai-api.com/public/image-storage/smartbet-sale-theme/member/theme3/dt/mm_t3_p1_checkin_dt.png"
        },
        {
          "text": "p.credit",
          "value": "https://image.smart-ai-api.com/public/image-storage/smartbet-sale-theme/member/theme3/dt/mm_t3_p1_credit_dt.png"
        },
        {
          "text": "p.deposit",
          "value": "https://image.smart-ai-api.com/public/image-storage/smartbet-sale-theme/member/theme3/dt/mm_t3_p1_deposit_dt.png"
        },
        {
          "text": "p.e-sport",
          "value": "https://image.smart-ai-api.com/public/image-storage/smartbet-sale-theme/member/theme3/dt/mm_t3_p1_e-sport_dt.png"
        },
        {
          "text": "p.fish",
          "value": "https://image.smart-ai-api.com/public/image-storage/smartbet-sale-theme/member/theme3/dt/mm_t3_p1_fish_dt.png"
        },
        {
          "text": "p.history",
          "value": "https://image.smart-ai-api.com/public/image-storage/smartbet-sale-theme/member/theme3/dt/mm_t3_p1_history_dt.png"
        },
        {
          "text": "p.horse",
          "value": "https://image.smart-ai-api.com/public/image-storage/smartbet-sale-theme/member/theme3/dt/mm_t3_p1_horse_dt.png"
        },
        {
          "text": "p.link",
          "value": "https://image.smart-ai-api.com/public/image-storage/smartbet-sale-theme/member/theme3/dt/mm_t3_p1_link_dt.png"
        },
        {
          "text": "p.linkline(1)",
          "value": "https://image.smart-ai-api.com/public/image-storage/smartbet-sale-theme/member/theme3/dt/mm_t3_p1_linkline_dt%20%281%29.png"
        },
        {
          "text": "p.linkline",
          "value": "https://image.smart-ai-api.com/public/image-storage/smartbet-sale-theme/member/theme3/dt/mm_t3_p1_linkline_dt.png"
        },
        {
          "text": "p.main",
          "value": "https://image.smart-ai-api.com/public/image-storage/smartbet-sale-theme/member/theme3/dt/mm_t3_p1_main_dt.png"
        },
        {
          "text": "p.modal",
          "value": "https://image.smart-ai-api.com/public/image-storage/smartbet-sale-theme/member/theme3/dt/mm_t3_p1_modal_dt.png"
        },
        {
          "text": "p.play",
          "value": "https://image.smart-ai-api.com/public/image-storage/smartbet-sale-theme/member/theme3/dt/mm_t3_p1_play_dt.png"
        },
        {
          "text": "p.promotion",
          "value": "https://image.smart-ai-api.com/public/image-storage/smartbet-sale-theme/member/theme3/dt/mm_t3_p1_promotion_dt.png"
        },
        {
          "text": "p.register",
          "value": "https://image.smart-ai-api.com/public/image-storage/smartbet-sale-theme/member/theme3/dt/mm_t3_p1_register_dt%20%281%29.png"
        },
        {
          "text": "p.login",
          "value": "https://image.smart-ai-api.com/public/image-storage/smartbet-sale-theme/member/theme3/dt/mm_t3_p1_register_dt.png"
        },
        {
          "text": "p.register number",
          "value": "https://image.smart-ai-api.com/public/image-storage/smartbet-sale-theme/member/theme3/dt/mm_t3_p1_registernumber_dt.png"
        },
        {
          "text": "p.slot",
          "value": "https://image.smart-ai-api.com/public/image-storage/smartbet-sale-theme/member/theme3/dt/mm_t3_p1_slot_dt.png"
        },
        {
          "text": "p.sport",
          "value": "https://image.smart-ai-api.com/public/image-storage/smartbet-sale-theme/member/theme3/dt/mm_t3_p1_sport_dt.png"
        },
        {
          "text": "p.wheel",
          "value": "https://image.smart-ai-api.com/public/image-storage/smartbet-sale-theme/member/theme3/dt/mm_t3_p1_wheel_dt.png"
        },
        {
          "text": "p.withdraw",
          "value": "https://image.smart-ai-api.com/public/image-storage/smartbet-sale-theme/member/theme3/dt/mm_t3_p1_withdraw_dt.png"
        }
      ],

      "image_mb": [
        {
          "text": "p.casino",
          "value": "https://image.smart-ai-api.com/public/image-storage/smartbet-sale-theme/member/theme3/mb/mm_t3_p1_casino_mb.png"
        },
        {
          "text": "p.change password",
          "value": "https://image.smart-ai-api.com/public/image-storage/smartbet-sale-theme/member/theme3/mb/mm_t3_p1_chang%20pass_mb.png"
        },
        {
          "text": "p.checkin",
          "value": "https://image.smart-ai-api.com/public/image-storage/smartbet-sale-theme/member/theme3/mb/mm_t3_p1_checkin_mb.png"
        },
        {
          "text": "p.credit",
          "value": "https://image.smart-ai-api.com/public/image-storage/smartbet-sale-theme/member/theme3/mb/mm_t3_p1_credit_mb.png"
        },
        {
          "text": "p.deposit",
          "value": "https://image.smart-ai-api.com/public/image-storage/smartbet-sale-theme/member/theme3/mb/mm_t3_p1_deposit_mb.png"
        },
        {
          "text": "p.e-sport",
          "value": "https://image.smart-ai-api.com/public/image-storage/smartbet-sale-theme/member/theme3/mb/mm_t3_p1_e-sport_mb.png"
        },
        {
          "text": "p.fish",
          "value": "https://image.smart-ai-api.com/public/image-storage/smartbet-sale-theme/member/theme3/mb/mm_t3_p1_fish_mb.png"
        },
        {
          "text": "p.history",
          "value": "https://image.smart-ai-api.com/public/image-storage/smartbet-sale-theme/member/theme3/mb/mm_t3_p1_history_mb.png"
        },
        {
          "text": "p.horse",
          "value": "https://image.smart-ai-api.com/public/image-storage/smartbet-sale-theme/member/theme3/mb/mm_t3_p1_horse_mb.png"
        },
        {
          "text": "p.information",
          "value": "https://image.smart-ai-api.com/public/image-storage/smartbet-sale-theme/member/theme3/mb/mm_t3_p1_infomation_mb.png"
        },
        {
          "text": "p.line mb(1)",
          "value": "https://image.smart-ai-api.com/public/image-storage/smartbet-sale-theme/member/theme3/mb/mm_t3_p1_line_mb%20%281%29.png"
        },
        {
          "text": "p.line mb",
          "value": "https://image.smart-ai-api.com/public/image-storage/smartbet-sale-theme/member/theme3/mb/mm_t3_p1_line_mb.png"
        },
        {
          "text": "p.link line",
          "value": "https://image.smart-ai-api.com/public/image-storage/smartbet-sale-theme/member/theme3/mb/mm_t3_p1_linkline_mb.png"
        },
        {
          "text": "p.link",
          "value": "https://image.smart-ai-api.com/public/image-storage/smartbet-sale-theme/member/theme3/mb/mm_t3_p1_Link_mb.png"
        },
        {
          "text": "p.main",
          "value": "https://image.smart-ai-api.com/public/image-storage/smartbet-sale-theme/member/theme3/mb/mm_t3_p1_main_mb.png"
        },
        {
          "text": "p.modal",
          "value": "https://image.smart-ai-api.com/public/image-storage/smartbet-sale-theme/member/theme3/mb/mm_t3_p1_modal_mb.png"
        },
        {
          "text": "p.play",
          "value": "https://image.smart-ai-api.com/public/image-storage/smartbet-sale-theme/member/theme3/mb/mm_t3_p1_play_mb.png"
        },
        {
          "text": "p.promotion",
          "value": "https://image.smart-ai-api.com/public/image-storage/smartbet-sale-theme/member/theme3/mb/mm_t3_p1_promotion_mb.png"
        },
        {
          "text": "p.login",
          "value": "https://image.smart-ai-api.com/public/image-storage/smartbet-sale-theme/member/theme3/mb/mm_t3_p1_register_mb.png"
        },
        {
          "text": "p.register number",
          "value": "https://image.smart-ai-api.com/public/image-storage/smartbet-sale-theme/member/theme3/mb/mm_t3_p1_register%20number_mb.png"
        },
        {
          "text": "p.slot",
          "value": "https://image.smart-ai-api.com/public/image-storage/smartbet-sale-theme/member/theme3/mb/mm_t3_p1_slot_mb.png"
        },
        {
          "text": "p.sport",
          "value": "https://image.smart-ai-api.com/public/image-storage/smartbet-sale-theme/member/theme3/mb/mm_t3_p1_sport_mb.png"
        },
        {
          "text": "p.wheel",
          "value": "https://image.smart-ai-api.com/public/image-storage/smartbet-sale-theme/member/theme3/mb/mm_t3_p1_wheel_mb.png"
        },
        {
          "text": "p.withdraw",
          "value": "https://image.smart-ai-api.com/public/image-storage/smartbet-sale-theme/member/theme3/mb/mm_t3_p1_withdraw_mb.png"
        } 
      ]
    }],
    "theme4": [
      {
      "name": "palette1",
      "title": "Theme4 > Palatte1",
      "mock_image": "https://image.smart-ai-api.com/public/image-storage/smartbet-sale-theme/member/theme4/mockup/Mockup_mm_theme4.png",
      "color": "https://image.smart-ai-api.com/public/image-storage/smartbet-sale-theme/member/m3p1.png",
      "image_dt": [
        {
          "text": "p.bonus",
          "value": "https://image.smart-ai-api.com/public/image-storage/smartbet-sale-theme/member/theme4/dt/mm_t4_bonus_dt.png"
        },
        {
          "text": "p.casino",
          "value": "https://image.smart-ai-api.com/public/image-storage/smartbet-sale-theme/member/theme4/dt/mm_t4_p1_casino_dt.png"
        },
        {
          "text": "p.change password",
          "value": "https://image.smart-ai-api.com/public/image-storage/smartbet-sale-theme/member/theme4/dt/mm_t4_p1_chang%20pass_dt.png"
        },
        {
          "text": "p.checkin",
          "value": "https://image.smart-ai-api.com/public/image-storage/smartbet-sale-theme/member/theme4/dt/mm_t4_p1_checkin_dt.png"
        },
        {
          "text": "p.credit",
          "value": "https://image.smart-ai-api.com/public/image-storage/smartbet-sale-theme/member/theme4/dt/mm_t4_p1_credit_dt.png"
        },
        {
          "text": "p.deposit",
          "value": "https://image.smart-ai-api.com/public/image-storage/smartbet-sale-theme/member/theme4/dt/mm_t4_p1_deposit_dt.png"
        },
        {
          "text": "p.e-sport",
          "value": "https://image.smart-ai-api.com/public/image-storage/smartbet-sale-theme/member/theme4/dt/mm_t4_p1_e-sport_dt.png"
        },
        {
          "text": "p.fish",
          "value": "https://image.smart-ai-api.com/public/image-storage/smartbet-sale-theme/member/theme4/dt/mm_t4_p1_fish_dt.png"
        },
        {
          "text": "p.history",
          "value": "https://image.smart-ai-api.com/public/image-storage/smartbet-sale-theme/member/theme4/dt/mm_t4_p1_history_dt.png"
        },
        {
          "text": "p.horse",
          "value": "https://image.smart-ai-api.com/public/image-storage/smartbet-sale-theme/member/theme4/dt/mm_t4_p1_horse_dt.png"
        },
        {
          "text": "p.line",
          "value": "https://image.smart-ai-api.com/public/image-storage/smartbet-sale-theme/member/theme4/dt/mm_t4_p1_line_dt.png"
        },
        {
          "text": "p.link",
          "value": "https://image.smart-ai-api.com/public/image-storage/smartbet-sale-theme/member/theme4/dt/mm_t4_p1_link_dt.png"
        },
        {
          "text": "p.link line",
          "value": "https://image.smart-ai-api.com/public/image-storage/smartbet-sale-theme/member/theme4/dt/mm_t4_p1_linkline_dt%20%281%29.png"
        },
        {
          "text": "p.main",
          "value": "https://image.smart-ai-api.com/public/image-storage/smartbet-sale-theme/member/theme4/dt/mm_t4_p1_main_dt.png"
        },
        {
          "text": "p.modal",
          "value": "https://image.smart-ai-api.com/public/image-storage/smartbet-sale-theme/member/theme4/dt/mm_t4_p1_modal_dt.png"
        },
        {
          "text": "p.play",
          "value": "https://image.smart-ai-api.com/public/image-storage/smartbet-sale-theme/member/theme4/dt/mm_t4_p1_play_dt.png"
        },
        {
          "text": "p.promotion",
          "value": "https://image.smart-ai-api.com/public/image-storage/smartbet-sale-theme/member/theme4/dt/mm_t4_p1_promotion_dt.png"
        },
        {
          "text": "p.slot",
          "value": "https://image.smart-ai-api.com/public/image-storage/smartbet-sale-theme/member/theme4/dt/mm_t4_p1_slot_dt.png"
        },
        {
          "text": "p.sport",
          "value": "https://image.smart-ai-api.com/public/image-storage/smartbet-sale-theme/member/theme4/dt/mm_t4_p1_sport_dt.png"
        },
        {
          "text": "p.wheel",
          "value": "https://image.smart-ai-api.com/public/image-storage/smartbet-sale-theme/member/theme4/dt/mm_t4_p1_wheel_dt.png"
        },
        {
          "text": "p.withdraw",
          "value": "https://image.smart-ai-api.com/public/image-storage/smartbet-sale-theme/member/theme4/dt/mm_t4_p1_withdraw_dt.png"
        },
        {
          "text": "p.register information",
          "value": "https://image.smart-ai-api.com/public/image-storage/smartbet-sale-theme/member/theme4/dt/mm_t4_registeinfomation_dt.png"
        },
        {
          "text": "p.register",
          "value": "https://image.smart-ai-api.com/public/image-storage/smartbet-sale-theme/member/theme4/dt/mm_t4_register_dt.png"
        },
        {
          "text": "p.register number",
          "value": "https://image.smart-ai-api.com/public/image-storage/smartbet-sale-theme/member/theme4/dt/mm_t4_registernumber_dt.png"
        }
      ],

      "image_mb": [
        {
          "text": "p.casino",
          "value": "https://image.smart-ai-api.com/public/image-storage/smartbet-sale-theme/member/theme4/mb/mm_t4_p1_casino_mb.png"
        },
        {
          "text": "p.change password",
          "value": "https://image.smart-ai-api.com/public/image-storage/smartbet-sale-theme/member/theme4/mb/mm_t4_p1_chang%20pass_mb.png"
        },
        {
          "text": "p.checkin",
          "value": "https://image.smart-ai-api.com/public/image-storage/smartbet-sale-theme/member/theme4/mb/mm_t4_p1_checkin_mb.png"
        },
        {
          "text": "p.credit",
          "value": "https://image.smart-ai-api.com/public/image-storage/smartbet-sale-theme/member/theme4/mb/mm_t4_p1_credit_mb.png"
        },
        {
          "text": "p.deposit",
          "value": "https://image.smart-ai-api.com/public/image-storage/smartbet-sale-theme/member/theme4/mb/mm_t4_p1_deposit_mb.png"
        },
        {
          "text": "p.e-sport",
          "value": "https://image.smart-ai-api.com/public/image-storage/smartbet-sale-theme/member/theme4/mb/mm_t4_p1_e-sport_mb.png"
        },
        {
          "text": "p.fish",
          "value": "https://image.smart-ai-api.com/public/image-storage/smartbet-sale-theme/member/theme4/mb/mm_t4_p1_fish_mb.png"
        },
        {
          "text": "p.history",
          "value": "https://image.smart-ai-api.com/public/image-storage/smartbet-sale-theme/member/theme4/mb/mm_t4_p1_history_mb.png"
        },
        {
          "text": "p.horse",
          "value": "https://image.smart-ai-api.com/public/image-storage/smartbet-sale-theme/member/theme4/mb/mm_t4_p1_horse_mb.png"
        },
        {
          "text": "p.information",
          "value": "https://image.smart-ai-api.com/public/image-storage/smartbet-sale-theme/member/theme4/mb/mm_t4_p1_infomation_mb.png"
        },
        {
          "text": "p.line(1)",
          "value": "https://image.smart-ai-api.com/public/image-storage/smartbet-sale-theme/member/theme4/mb/mm_t4_p1_line_mb%20%281%29.png"
        },
        {
          "text": "p.line",
          "value": "https://image.smart-ai-api.com/public/image-storage/smartbet-sale-theme/member/theme4/mb/mm_t4_p1_line_mb.png"
        },
        {
          "text": "p.link",
          "value": "https://image.smart-ai-api.com/public/image-storage/smartbet-sale-theme/member/theme4/mb/mm_t4_p1_link_mb.png"
        },
        {
          "text": "p.main",
          "value": "https://image.smart-ai-api.com/public/image-storage/smartbet-sale-theme/member/theme4/mb/mm_t4_p1_main_mb.png"
        },
        {
          "text": "p.modal",
          "value": "https://image.smart-ai-api.com/public/image-storage/smartbet-sale-theme/member/theme4/mb/mm_t4_p1_modal_mb.png"
        },
        {
          "text": "p.play",
          "value": "https://image.smart-ai-api.com/public/image-storage/smartbet-sale-theme/member/theme4/mb/mm_t4_p1_play_mb.png"
        },
        {
          "text": "p.promotion(1)",
          "value": "https://image.smart-ai-api.com/public/image-storage/smartbet-sale-theme/member/theme4/mb/mm_t4_p1_promotion_mb%20%281%29.png"
        },
        {
          "text": "p.promotion",
          "value": "https://image.smart-ai-api.com/public/image-storage/smartbet-sale-theme/member/theme4/mb/mm_t4_p1_promotion_mb.png"
        },
        {
          "text": "p.register",
          "value": "https://image.smart-ai-api.com/public/image-storage/smartbet-sale-theme/member/theme4/mb/mm_t4_p1_register_mb.png"
        },
        {
          "text": "p.register number",
          "value": "https://image.smart-ai-api.com/public/image-storage/smartbet-sale-theme/member/theme4/mb/mm_t4_p1_register%20number_mb.png"
        },
        {
          "text": "p.slot",
          "value": "https://image.smart-ai-api.com/public/image-storage/smartbet-sale-theme/member/theme4/mb/mm_t4_p1_slot_mb.png"
        },
        {
          "text": "p.sport",
          "value": "https://image.smart-ai-api.com/public/image-storage/smartbet-sale-theme/member/theme4/mb/mm_t4_p1_sport_mb.png"
        },
        {
          "text": "p.wheel",
          "value": "https://image.smart-ai-api.com/public/image-storage/smartbet-sale-theme/member/theme4/mb/mm_t4_p1_wheel_mb.png"
        },
        {
          "text": "p.withdraw",
          "value": "https://image.smart-ai-api.com/public/image-storage/smartbet-sale-theme/member/theme4/mb/mm_t4_p1_withdraw_mb.png"
        }
      ]
    }]
  },
  "features": {
    "normal_feature": [{
        "name": "วงล้อ พารวย",
        "eng_name": "LUCKY WHEEL",
        "image": "https://image.smart-ai-api.com/public/image-storage/demo-template-sale/spin1.png",
        "status": 1
      },
      {
        "name": "เปิดไพ่ ลุ้นโชค",
        "eng_name": "LUCKY CARDS",
        "image": "https://image.smart-ai-api.com/public/image-storage/demo-template-sale/featuremain/Lucky-Card_icon.png",
        "status": 0
      },
      {
        "name": "เช็คอิน รายวัน ",
        "eng_name": "DAILY CHECK IN",
        "image": "https://image.smart-ai-api.com/public/image-storage/demo-template-sale/featuremain/Check-In_icon.png",
        "status": 1
      },
      {
        "name": "ลิงค์รับทรัพย์",
        "eng_name": "AFFILIATE",
        "image": "https://image.smart-ai-api.com/public/image-storage/demo-template-sale/featuremain/treasure-chest 1.png",
        "status": 0
      }
    ],
    "group_feature": [{
        "name": "คาสิโน",
        "eng_name": "CASINO",
        "image": "https://image.smart-ai-api.com/public/image-storage/demo-template-sale/featuremain/icon/playing-cards.png",
        "status": 1
      },
      {
        "name": "สล็อต",
        "eng_name": "SLOT GAME",
        "image": "https://image.smart-ai-api.com/public/image-storage/demo-template-sale/featuremain/icon/slot-machine.png",
        "status": 1
      },
      {
        "name": "กีฬา",
        "eng_name": "SPORT GAME",
        "image": "https://image.smart-ai-api.com/public/image-storage/demo-template-sale/featuremain/icon/soccer-player.png",
        "status": 1
      },
      {
        "name": "แข่งม้า",
        "eng_name": "HORSE RIDDING",
        "image": "https://image.smart-ai-api.com/public/image-storage/demo-template-sale/featuremain/icon/horse.png",
        "status": 1
      },
      {
        "name": "E-SPORT",
        "eng_name": "E-SPORT GAME",
        "image": "https://image.smart-ai-api.com/public/image-storage/demo-template-sale/featuremain/icon/esport.png",
        "status": 1
      },
      {
        "name": "ยิงปลา",
        "eng_name": "FISHING",
        "image": "https://image.smart-ai-api.com/public/image-storage/demo-template-sale/featuremain/icon/fishing.png",
        "status": 1
      },
      {
        "name": "ล๊อตเตอรี่",
        "eng_name": "LOTTO",
        "image": "https://image.smart-ai-api.com/public/image-storage/demo-template-sale/featuremain/icon/lottery.png",
        "status": 0
      }
    ]
  },
  "hash": "4193b25ca7ceee6b8d0a7e4d38194f83"
}
